Key,ru,en
field,Участок: ,Field: 
totur_field,Учебный участок: ,Tutorial Field: 
victory_1,УЧАСТОК ЗАСЕЯН!,PLOT PLANTED!
victory_2,ОТЛИЧНЫЙ УРОЖАЙ!,GREAT HARVEST!
victory_3,ИДЕАЛЬНО!,PERFECT!
victory_4,ПОРЯДОК!,SORTED!
victory_5,ГОТОВО!,COMPLETE!
victory_6,УЧАСТОК РЕШЁН!,PLOT SOLVED!
victory_7,ПРЕВОСХОДНО!,EXCELLENT!
snd_vol,Громкость звука,Sound volume
tut_1,"Проведите по трём клеткам, чтобы выделить грядку размером 3.",Drag across 3 cells to highlight a size 3 plot.
tut_2,"Проведите по диагонали, чтобы выделить участок 2x2 вокруг цифры 4.",Drag diagonally to select a 2x2 area around the number 4.
tut_3,Разделите огород на две грядки: квадрат 2x2 для цифры 4 и прямоугольник 2x1 для цифры 2.,Divide the garden into two plots: a 2x2 square for 4 and a 2x1 rectangle for 2.
tut_4,"Заполните всё поле! Выделите участок 2x2, грядку 2x1 и длинный столбец 1x3.","Fill the entire field! Select a 2x2 plot, a 2x1 plot, and a 1x3 column."
tut_5,"Попробуйте разместить грядки на 6, 2 и 4 клетки, чтобы не осталось ни одного свободного места!","Try to place the 6, 2, and 4 size plots so that no empty space is left!"
scale_100,Масштаб: 100%,Scale: 100%
scale_str,Масштаб: Растянуть,Scale: Stretch
next,Далее,Next